TAXAID,COMMONNAME,FAMILY,newFAMILY,GENUS,BCG_ATTR,BCGATTR_ROMAN,BCG_ATTR2,BCG_ATTR2_ROMAN,BCG_NUM,NATIVE,TROPHIC,HABITAT,REPRODUCTION,TYPE,SCC,SCC_Summary,USGS_range,Thermal_indicator,CONNECTIVITY
ANGUILLA ROSTRATA,AMERICAN EEL,ANGUILLIDAE,,ANGUILLA,2,II,2_MIDDLE,II,2,NATIVE,TC,,,,FALSE,,https://nas.er.usgs.gov/queries/FactSheet.aspx?SpeciesID=310,,TRUE
CYCLEPTUS ELONGATUS,BLUE SUCKER,CATOSTOMIDAE,,CYCLEPTUS,3,III,3_BETTER,IIIa,3,NATIVE,IV,B,BROADCASTER; MIGRATORY; LITHOPHIL,,FALSE,,,,TRUE
HIODON ALOSOIDES,GOLDEYE,HIODONTIDAE,,HIODON,4,IV,4_BETTER,IVa,4,NATIVE,TC,W,BROADCASTER,,FALSE,,https://nas.er.usgs.gov/queries/FactSheet.aspx?SpeciesID=726,,TRUE
HYBOGNATHUS ARGYRITIS,WESTERN SILVERY MINNOW,CYPRINIDAE,LEUCISCIDAE,HYBOGNATHUS,2,II,2_MIDDLE,II,2,NATIVE,OM,F,,,TRUE,SCC_T_Endmc,,,TRUE
HYBOGNATHUS PLACITUS,PLAINS MINNOW,CYPRINIDAE,LEUCISCIDAE,HYBOGNATHUS,2,II,2_MIDDLE,II,2,NATIVE,HB,F,,,TRUE,SCC_Thrtnd,https://nas.er.usgs.gov/queries/FactSheet.aspx?SpeciesID=545,,TRUE
ICHTHYOMYZON CASTANEUS,CHESTNUT LAMPREY,PETROMYZONTIDAE,,ICHTHYOMYZON,3,III,3_BETTER,IIIa,3,NATIVE,TC,,SIMPLE NEST; LITHOPHIL,,TRUE,SCC_Thrtnd,,,TRUE
ICHTHYOMYZON UNICUSPIS,SILVER LAMPREY,PETROMYZONTIDAE,,ICHTHYOMYZON,3,III,3_BETTER,IIIa,3,NATIVE,TC,F,SIMPLE NEST; MIGRATORY; LITHOPHIL,,FALSE,,https://nas.er.usgs.gov/queries/FactSheet.aspx?SpeciesID=834,,TRUE
MACRHYBOPSIS AESTIVALIS,SPECKLED CHUB,CYPRINIDAE,LEUCISCIDAE,MACRHYBOPSIS,3,III,3_BETTER,IIIa,3,NATIVE,IV,B;F,BROADCASTER,,FALSE,,,,TRUE
MACRHYBOPSIS AUSTRALIS,PRAIRIE CHUB,CYPRINIDAE,LEUCISCIDAE,MACRHYBOPSIS,3,III,3_BETTER,IIIa,3,NATIVE,IV,B;F,,,FALSE,,,,TRUE
MACRHYBOPSIS HYOSTOMA,SHOAL CHUB,CYPRINIDAE,LEUCISCIDAE,MACRHYBOPSIS,3,III,3_BETTER,IIIa,3,NATIVE,IV,B;F,,,TRUE,Threatened,,,TRUE
MACRHYBOPSIS MEEKI,SICKLEFIN CHUB,CYPRINIDAE,LEUCISCIDAE,MACRHYBOPSIS,2,II,2_MIDDLE,II,2,NATIVE,IV,B;F,,,TRUE,SCC_Endngrd,https://nas.er.usgs.gov/queries/FactSheet.aspx?SpeciesID=2350,,TRUE
MACRHYBOPSIS STORERIANA,SILVER CHUB,CYPRINIDAE,LEUCISCIDAE,MACRHYBOPSIS,4,IV,4_BETTER,IVa,4,NATIVE,IV,B;F,BROADCASTER,,TRUE,Endangered,,,TRUE
MACRHYBOPSIS TETRANEMA,PEPPERED CHUB,CYPRINIDAE,LEUCISCIDAE,MACRHYBOPSIS,,,,,,NATIVE,OM,F,,,TRUE,E_Endemic,,,TRUE
POLYODON SPATHULA,PADDLEFISH,POLYODONTIDAE,,POLYODON,3,III,3_WORSE,IIIb,3.5,NATIVE,OM,F;W,BROADCASTER; MIGRATORY; LITHOPHIL,,TRUE,SCC_Thrtnd,https://nas.er.usgs.gov/queries/FactSheet.aspx?SpeciesID=876,,TRUE
SANDER CANADENSIS,SAUGER,PERCIDAE,,SANDER,4,IV,4_BETTER,IVa,4,NATIVE,TC,W,BROADCASTER; MIGRATORY; LITHOPHIL,,FALSE,,https://nas.er.usgs.gov/queries/FactSheet.aspx?SpeciesID=828,,TRUE
SCAPHIRHYNCHUS PLATORYNCHUS,SHOVELNOSE STURGEON,ACIPENSERIDAE,,SCAPHIRHYNCHUS,3,III,3_BETTER,IIIa,3,NATIVE,IV,B;F,BROADCASTER; LITHOPHIL,,FALSE,,,,TRUE
APLODINOTUS GRUNNIENS,FRESHWATER DRUM,SCIAENIDAE,,APLODINOTUS,4,IV,4_BETTER,IVa,4,NATIVE,IV,B,BROADCASTER; LITHOPHIL,,FALSE,,https://nas.er.usgs.gov/queries/FactSheet.aspx?SpeciesID=946,warm,FALSE
CARPIODES,CARPSUCKER,CATOSTOMIDAE,,CARPIODES,4,IV,4_BETTER,IVa,4,NATIVE,OM,,LITHOPHIL,,FALSE,,,warm,FALSE
CARPIODES CARPIO,RIVER CARPSUCKER,CATOSTOMIDAE,,CARPIODES,4,IV,4_BETTER,IVa,4,NATIVE,OM,,BROADCASTER,,FALSE,,https://nas.er.usgs.gov/queries/FactSheet.aspx?SpeciesID=341,warm,FALSE
CYPRINELLA,SATINFIN SHINERS,CYPRINIDAE,LEUCISCIDAE,CYPRINELLA,4,IV,4_BETTER,IVa,4,NATIVE,OM,W,,,FALSE,,,warm,FALSE
CYPRINELLA LUTRENSIS,RED SHINER,CYPRINIDAE,LEUCISCIDAE,CYPRINELLA,4,IV,4_WORSE,IVb,4.5,NATIVE,OM,W,SIMPLE NEST,,FALSE,,https://nas.er.usgs.gov/queries/FactSheet.aspx?SpeciesID=518,warm,FALSE
CYPRINELLA VENUSTA,BLACKTAIL SHINER,CYPRINIDAE,LEUCISCIDAE,CYPRINELLA,4,IV,4_BETTER,IVa,4,NATIVE,IV,F;W,SIMPLE NEST,,FALSE,,https://nas.er.usgs.gov/queries/FactSheet.aspx?SpeciesID=521,warm,FALSE
CYPRINELLA WHIPPLEI,STEELCOLOR SHINER,CYPRINIDAE,LEUCISCIDAE,CYPRINELLA,4,IV,4_BETTER,IVa,4,NATIVE,IV,F;W,SIMPLE NEST,,FALSE,,https://nas.er.usgs.gov/queries/FactSheet.aspx?SpeciesID=523,warm,FALSE
CYPRINUS CARPIO,COMMON CARP,CYPRINIDAE,CYPRINIDAE,CYPRINUS,5,V,5_MIDDLE,V,5,NON_NATIVE,OM,,BROADCASTER,,FALSE,,https://nas.er.usgs.gov/queries/FactSheet.aspx?SpeciesID=4,warm,FALSE
DOROSOMA,SHAD,CLUPEIDAE,DOROSOMATIDAE,DOROSOMA,4,IV,4_WORSE,IVb,4.5,NATIVE,OM,,BROADCASTER; MIGRATORY,,FALSE,,,warm,FALSE
DOROSOMA CEPEDIANUM,GIZZARD SHAD,CLUPEIDAE,DOROSOMATIDAE,DOROSOMA,4,IV,4_WORSE,IVb,4.5,NATIVE,OM,W,BROADCASTER,,FALSE,,https://nas.er.usgs.gov/queries/FactSheet.aspx?SpeciesID=492,warm,FALSE
ETHEOSTOMA RADIOSUM,ORANGEBELLY DARTER,PERCIDAE,,ETHEOSTOMA,3,III,3_WORSE,IIIb,3.5,NATIVE,IV,B;F,LITHOPHIL,,FALSE,,,warm,FALSE
FUNDULUS,TOPMINNOWS,FUNDULIDAE,,FUNDULUS,4,IV,4_BETTER,IVa,4,NATIVE,IV,W,,,FALSE,,,warm,FALSE
FUNDULUS KANSAE,NORTHERN PLAINS KILLIFISH,FUNDULIDAE,,FUNDULUS,3,III,3_WORSE,IIIb,3.5,NATIVE,IV,W,,SALT,FALSE,,https://nas.er.usgs.gov/queries/FactSheet.aspx?SpeciesID=695,warm,FALSE
FUNDULUS NOTATUS,BLACKSTRIPE TOPMINNOW,FUNDULIDAE,,FUNDULUS,4,IV,4_BETTER,IVa,4,NATIVE,IV,W,BROADCASTER,,FALSE,,https://nas.er.usgs.gov/queries/FactSheet.aspx?SpeciesID=690,warm,FALSE
FUNDULUS ZEBRINUS,PLAINS KILLIFISH,FUNDULIDAE,,FUNDULUS,3,III,3_WORSE,IIIb,3.5,NATIVE,IV,W,LITHOPHIL,SALT,FALSE,,https://nas.er.usgs.gov/queries/FactSheet.aspx?SpeciesID=694,warm,FALSE
GAMBUSIA AFFINIS,WESTERN MOSQUITOFISH,POECILIIDAE,,GAMBUSIA,5,V,5_MIDDLE,V,5,NON_NATIVE,IV,W,BEARER,,FALSE,,https://nas.er.usgs.gov/queries/FactSheet.aspx?SpeciesID=846,warm,FALSE
ICTALURUS FURCATUS,BLUE CATFISH,ICTALURIDAE,,ICTALURUS,3,III,3_WORSE,IIIb,3.5,NON_NATIVE,TC,,COMPLEX NEST,,FALSE,,https://nas.er.usgs.gov/queries/FactSheet.aspx?SpeciesID=740,warm,FALSE
ICTALURUS PUNCTATUS,CHANNEL CATFISH,ICTALURIDAE,,ICTALURUS,4,IV,4_WORSE,IVb,4.5,NATIVE,TC,,COMPLEX NEST,,FALSE,,https://nas.er.usgs.gov/queries/FactSheet.aspx?SpeciesID=2341,warm,FALSE
ICTIOBUS,BUFFALO,CATOSTOMIDAE,,ICTIOBUS,4,IV,4_BETTER,IVa,4,NATIVE,OM,,,,FALSE,,,warm,FALSE
ICTIOBUS BUBALUS,SMALLMOUTH BUFFALO,CATOSTOMIDAE,,ICTIOBUS,4,IV,4_BETTER,IVa,4,NATIVE,OM,,BROADCASTER,,FALSE,,https://nas.er.usgs.gov/queries/FactSheet.aspx?SpeciesID=361,warm,FALSE
LABIDESTHES SICCULUS,BROOK SILVERSIDE,ATHERINIDAE,,LABIDESTHES,4,IV,4_BETTER,IVa,4,NATIVE,IV,W,BROADCASTER,,FALSE,,https://nas.er.usgs.gov/queries/FactSheet.aspx?SpeciesID=318,warm,FALSE
LEPISOSTEIDAE,GAR,LEPISOSTEIDAE,,LEPISOSTEIDAE,4,IV,4_BETTER,IVa,4,NATIVE,TC,,,,FALSE,,,warm,FALSE
LEPISOSTEUS OCULATUS,SPOTTED GAR,LEPISOSTEIDAE,,LEPISOSTEUS,3,III,3_WORSE,IIIb,3.5,NATIVE,TC,W,BROADCASTER,,FALSE,,https://nas.er.usgs.gov/queries/FactSheet.aspx?SpeciesID=756,warm,FALSE
LEPISOSTEUS OSSEUS,LONGNOSE GAR,LEPISOSTEIDAE,,LEPISOSTEUS,4,IV,4_BETTER,IVa,4,NATIVE,TC,W,BROADCASTER,,FALSE,,,warm,FALSE
LEPISOSTEUS PLATOSTOMUS,SHORTNOSE GAR,LEPISOSTEIDAE,,LEPISOSTEUS,4,IV,4_BETTER,IVa,4,NATIVE,TC,W,BROADCASTER,,FALSE,,https://nas.er.usgs.gov/queries/FactSheet.aspx?SpeciesID=757,warm,FALSE
LEPOMIS GULOSUS,WARMOUTH,CENTRARCHIDAE,,LEPOMIS,4,IV,4_BETTER,IVa,4,NATIVE,TC,W,COMPLEX NEST,,FALSE,,https://nas.er.usgs.gov/queries/FactSheet.aspx?SpeciesID=376,warm,FALSE
LEPOMIS HUMILIS,ORANGESPOTTED SUNFISH,CENTRARCHIDAE,,LEPOMIS,4,IV,4_BETTER,IVa,4,NATIVE,IV,W,COMPLEX NEST; LITHOPHIL,,FALSE,,https://nas.er.usgs.gov/queries/FactSheet.aspx?SpeciesID=383,warm,FALSE
LEPOMIS HYBRID,SUNFISH HYBRID,CENTRARCHIDAE,,LEPOMIS,4,IV,4_WORSE,IVb,4.5,NATIVE,TC,W,,,FALSE,,,warm,FALSE
LEPOMIS MACROCHIRUS,BLUEGILL,CENTRARCHIDAE,,LEPOMIS,4,IV,4_WORSE,IVb,4.5,NATIVE,OM,,COMPLEX NEST,,FALSE,,https://nas.er.usgs.gov/queries/FactSheet.aspx?SpeciesID=385,warm,FALSE
LEPOMIS MEGALOTIS,LONGEAR SUNFISH,CENTRARCHIDAE,,LEPOMIS,3,III,3_WORSE,IIIb,3.5,NATIVE,IV,W,COMPLEX NEST,,FALSE,,https://nas.er.usgs.gov/queries/FactSheet.aspx?SpeciesID=388,warm,FALSE
LEPOMIS MICROLOPHUS,REDEAR SUNFISH,CENTRARCHIDAE,,LEPOMIS,3,III,3_WORSE,IIIb,3.5,NON_NATIVE,IV,W,COMPLEX NEST,,FALSE,,https://nas.er.usgs.gov/queries/FactSheet.aspx?SpeciesID=390,warm,FALSE
MENIDIA BERYLLINA,INLAND SILVERSIDE,ATHERINIDAE,,MENIDIA,4,IV,4_WORSE,IVb,4.5,NON_NATIVE,IV,W,BROADCASTER,,FALSE,,https://nas.er.usgs.gov/queries/FactSheet.aspx?SpeciesID=321,warm,FALSE
MICROPTERUS SALMOIDES,LARGEMOUTH BASS,CENTRARCHIDAE,,MICROPTERUS,4,IV,4_WORSE,IVb,4.5,NATIVE,TC,W,COMPLEX NEST,,FALSE,,https://nas.er.usgs.gov/queries/FactSheet.aspx?SpeciesID=401,warm,FALSE
MICROPTERUS PUNCTULATUS,SPOTTED BASS,CENTRARCHIDAE,,MICROPTERUS,3,III,3_WORSE,IIIb,3.5,NATIVE,TC,W,COMPLEX NEST; LITHOPHIL,,FALSE,,https://nas.er.usgs.gov/queries/FactSheet.aspx?SpeciesID=397,warm,FALSE
MINYTREMA MELANOPS,SPOTTED SUCKER,CATOSTOMIDAE,,MINYTREMA,3,III,3_WORSE,IIIb,3.5,NATIVE,IV,B,BROADCASTER; LITHOPHIL,,FALSE,,https://nas.er.usgs.gov/queries/FactSheet.aspx?SpeciesID=364,warm,FALSE
MORONE,BASS,MORONIDAE,,MORONE,4,IV,4_WORSE,IVb,4.5,NATIVE,OM,,,,FALSE,,,warm,FALSE
MOXOSTOMA ERYTHRURUM,GOLDEN REDHORSE,CATOSTOMIDAE,,MOXOSTOMA,4,IV,4_BETTER,IVa,4,NATIVE,IV,B;F,BROADCASTER; MIGRATORY; LITHOPHIL,,FALSE,,https://nas.er.usgs.gov/queries/FactSheet.aspx?SpeciesID=365,warm,FALSE
NOTROPIS ATHERINOIDES,EMERALD SHINER,CYPRINIDAE,LEUCISCIDAE,NOTROPIS,4,IV,4_WORSE,IVb,4.5,NATIVE,OM,W,BROADCASTER,,FALSE,,https://nas.er.usgs.gov/queries/FactSheet.aspx?SpeciesID=582,warm,FALSE
NOTROPIS BOOPS,BIGEYE SHINER,CYPRINIDAE,LEUCISCIDAE,NOTROPIS,3,III,3_WORSE,IIIb,3.5,NATIVE,IV,F;W,BROADCASTER; LITHOPHIL,,FALSE,,https://nas.er.usgs.gov/queries/FactSheet.aspx?SpeciesID=587,warm,FALSE
NOTROPIS BUCHANANI,GHOST SHINER,CYPRINIDAE,LEUCISCIDAE,NOTROPIS,4,IV,4_BETTER,IVa,4,NATIVE,IV,F;W,BROADCASTER,,FALSE,,,warm,FALSE
NOTURUS NOCTURNUS,FRECKLED MADTOM,ICTALURIDAE,,NOTURUS,3,III,3_BETTER,IIIa,3,NATIVE,IV,B;F,COMPLEX NEST,,TRUE,Endangered,https://nas.er.usgs.gov/queries/FactSheet.aspx?SpeciesID=2536,warm,FALSE
PERCINA CAPRODES,LOGPERCH,PERCIDAE,,PERCINA,4,IV,4_BETTER,IVa,4,NATIVE,IV,B,BROADCASTER; LITHOPHIL,,FALSE,,https://nas.er.usgs.gov/queries/FactSheet.aspx?SpeciesID=821,warm,FALSE
PERCINA PHOXOCEPHALA,SLENDERHEAD DARTER,PERCIDAE,,PERCINA,4,IV,4_BETTER,IVa,4,NATIVE,IV,B;F,BROADCASTER; MIGRATORY; LITHOPHIL,,FALSE,,,warm,FALSE
PERCINA SCIERA,DUSKY DARTER,PERCIDAE,,PERCINA,3,III,3_WORSE,IIIb,3.5,NATIVE,IV,B,SIMPLE NEST; LITHOPHIL,,FALSE,,,warm,FALSE
PHENACOBIUS MIRABILIS,SUCKERMOUTH MINNOW,CYPRINIDAE,LEUCISCIDAE,PHENACOBIUS,4,IV,4_BETTER,IVa,4,NATIVE,IV,B;F,BROADCASTER; MIGRATORY; LITHOPHIL,,FALSE,,https://nas.er.usgs.gov/queries/FactSheet.aspx?SpeciesID=617,warm,FALSE
PIMEPHALES TENELLUS,SLIM MINNOW,CYPRINIDAE,LEUCISCIDAE,PIMEPHALES,3,III,3_WORSE,IIIb,3.5,NATIVE,IV,W,,,FALSE,,https://nas.er.usgs.gov/queries/FactSheet.aspx?SpeciesID=622,warm,FALSE
PIMEPHALES VIGILAX,BULLHEAD MINNOW,CYPRINIDAE,LEUCISCIDAE,PIMEPHALES,4,IV,4_WORSE,IVb,4.5,NATIVE,IV,,COMPLEX NEST,,FALSE,,https://nas.er.usgs.gov/queries/FactSheet.aspx?SpeciesID=623,warm,FALSE
POMOXIS,CRAPPIES,CENTRARCHIDAE,,POMOXIS,4,IV,4_WORSE,IVb,4.5,NATIVE,TC,W,,,FALSE,,,warm,FALSE
POMOXIS ANNULARIS,WHITE CRAPPIE,CENTRARCHIDAE,,POMOXIS,4,IV,4_WORSE,IVb,4.5,NATIVE,TC,W,COMPLEX NEST,,FALSE,,https://nas.er.usgs.gov/queries/FactSheet.aspx?SpeciesID=408,warm,FALSE
PYLODICTIS OLIVARIS,FLATHEAD CATFISH,ICTALURIDAE,,PYLODICTIS,4,IV,4_BETTER,IVa,4,NATIVE,TC,,COMPLEX NEST,,FALSE,,https://nas.er.usgs.gov/queries/FactSheet.aspx?SpeciesID=750,warm,FALSE
AMEIURUS,BULLHEADS,ICTALURIDAE,,AMEIURUS,4,IV,4_WORSE,IVb,4.5,NATIVE,OM,,,,FALSE,,,eurythermal,FALSE
AMEIURUS MELAS,BLACK BULLHEAD,ICTALURIDAE,,AMEIURUS,5,V,5_MIDDLE,V,5,NATIVE,OM,,COMPLEX NEST,,FALSE,,https://nas.er.usgs.gov/queries/FactSheet.aspx?SpeciesID=730,eurythermal,FALSE
AMEIURUS NATALIS,YELLOW BULLHEAD,ICTALURIDAE,,AMEIURUS,4,IV,4_WORSE,IVb,4.5,NATIVE,OM,,COMPLEX NEST,,FALSE,,https://nas.er.usgs.gov/queries/FactSheet.aspx?SpeciesID=733,eurythermal,FALSE
CAMPOSTOMA,STONEROLLERS,CYPRINIDAE,LEUCISCIDAE,CAMPOSTOMA,4,IV,4_BETTER,IVa,4,NATIVE,HB,F,LITHOPHIL,,FALSE,,,eurythermal,FALSE
CAMPOSTOMA ANOMALUM,CENTRAL STONEROLLER,CYPRINIDAE,LEUCISCIDAE,CAMPOSTOMA,4,IV,4_BETTER,IVa,4,NATIVE,HB,F,SIMPLE NEST; MIGRATORY; LITHOPHIL,,FALSE,,https://nas.er.usgs.gov/queries/FactSheet.aspx?SpeciesID=506,eurythermal,FALSE
CATOSTOMIDAE,SUCKER,CATOSTOMIDAE,,CATOSTOMIDAE,4,IV,4_WORSE,IVb,4.5,NATIVE,OM,,LITHOPHIL,,FALSE,,,eurythermal,FALSE
CATOSTOMUS COMMERSONII,WHITE SUCKER,CATOSTOMIDAE,,CATOSTOMUS,4,IV,4_WORSE,IVb,4.5,NATIVE,OM,,BROADCASTER; MIGRATORY; LITHOPHIL,,FALSE,,https://nas.er.usgs.gov/queries/FactSheet.aspx?SpeciesID=346,eurythermal,FALSE
CYPRINIDAE,CYPRINIDAE,CYPRINIDAE,CYPRINIDAE OR XENOCYPRIDIDAE OR LEUCISCIDAE,CYPRINIDAE,4,IV,4_WORSE,IVb,4.5,NATIVE,OM,W,,,FALSE,,,eurythermal,FALSE
ETHEOSTOMA,DARTER,PERCIDAE,,ETHEOSTOMA,4,IV,4_BETTER,IVa,4,NATIVE,IV,B,,,FALSE,,,eurythermal,FALSE
ETHEOSTOMA SPECTABILE,ORANGETHROAT DARTER,PERCIDAE,,ETHEOSTOMA,4,IV,4_BETTER,IVa,4,NATIVE,IV,B;F,SIMPLE NEST; LITHOPHIL,,TRUE,In need of conservation,,eurythermal,FALSE
HYBOGNATHUS,SILVERY MINNOW,CYPRINIDAE,LEUCISCIDAE,HYBOGNATHUS,3,III,3_BETTER,IIIa,3,NATIVE,OM,F,,,FALSE,,,eurythermal,FALSE
LEPOMIS CYANELLUS,GREEN SUNFISH,CENTRARCHIDAE,,LEPOMIS,5,V,5_MIDDLE,V,5,NATIVE,TC,W,COMPLEX NEST,,FALSE,,https://nas.er.usgs.gov/queries/FactSheet.aspx?SpeciesID=380,eurythermal,FALSE
MICROPTERUS,BLACK BASS,CENTRARCHIDAE,,MICROPTERUS,4,IV,4_WORSE,IVb,4.5,NATIVE,OM,,,,FALSE,,,eurythermal,FALSE
NOTROPIS STRAMINEUS,SAND SHINER,CYPRINIDAE,LEUCISCIDAE,NOTROPIS,4,IV,4_WORSE,IVb,4.5,NATIVE,IV,B;F,BROADCASTER,,FALSE,,https://nas.er.usgs.gov/queries/FactSheet.aspx?SpeciesID=600,eurythermal,FALSE
MOXOSTOMA,REDHORSE,CATOSTOMIDAE,,MOXOSTOMA,4,IV,4_BETTER,IVa,4,NATIVE,IV,B;F,LITHOPHIL,,FALSE,,,eurythermal,FALSE
NOTROPIS,EASTERN SHINER,CYPRINIDAE,LEUCISCIDAE,NOTROPIS,4,IV,4_BETTER,IVa,4,NATIVE,OM,W,,,FALSE,,,eurythermal,FALSE
NOTURUS,MADTOM,ICTALURIDAE,,NOTURUS,4,IV,4_BETTER,IVa,4,NATIVE,IV,B,,,FALSE,,,eurythermal,FALSE
NOTURUS FLAVUS,STONECAT,ICTALURIDAE,,NOTURUS,3,III,3_BETTER,IIIa,3,NATIVE,IV,B;F,COMPLEX NEST; LITHOPHIL,,FALSE,,https://nas.er.usgs.gov/queries/FactSheet.aspx?SpeciesID=745,eurythermal,FALSE
PERCIDAE,PERCHES,PERCIDAE,,PERCIDAE,4,IV,4_WORSE,IVb,4.5,NATIVE,OM,,,,FALSE,,,eurythermal,FALSE
PERCINA,ROUGHBELLY DARTERS,PERCIDAE,,PERCINA,4,IV,4_BETTER,IVa,4,NATIVE,OM,,,,FALSE,,,eurythermal,FALSE
PIMEPHALES NOTATUS,BLUNTNOSE MINNOW,CYPRINIDAE,LEUCISCIDAE,PIMEPHALES,4,IV,4_BETTER,IVa,4,NATIVE,OM,,COMPLEX NEST,,FALSE,,https://nas.er.usgs.gov/queries/FactSheet.aspx?SpeciesID=620,eurythermal,FALSE
PIMEPHALES PROMELAS,FATHEAD MINNOW,CYPRINIDAE,LEUCISCIDAE,PIMEPHALES,5,V,5_MIDDLE,V,5,NATIVE,OM,,COMPLEX NEST,,FALSE,,https://nas.er.usgs.gov/queries/FactSheet.aspx?SpeciesID=621,eurythermal,FALSE
SEMOTILUS ATROMACULATUS,CREEK CHUB,CYPRINIDAE,LEUCISCIDAE,SEMOTILUS,4,IV,4_BETTER,IVa,4,NATIVE,OM,F;W,SIMPLE NEST; LITHOPHIL,,FALSE,,https://nas.er.usgs.gov/queries/FactSheet.aspx?SpeciesID=649,eurythermal,FALSE
AMBLOPLITES RUPESTRIS,ROCK BASS,CENTRARCHIDAE,,AMBLOPLITES,3,III,3_BETTER,IIIa,3,NATIVE,TC,W,COMPLEX NEST; LITHOPHIL,,FALSE,,https://nas.er.usgs.gov/queries/FactSheet.aspx?SpeciesID=373,cowa,FALSE
CAMPOSTOMA OLIGOLEPIS,LARGESCALE STONEROLLER,CYPRINIDAE,LEUCISCIDAE,CAMPOSTOMA,3,III,3_BETTER,IIIa,3,NATIVE,HB,F,SIMPLE NEST; MIGRATORY; LITHOPHIL,,FALSE,,https://nas.er.usgs.gov/queries/FactSheet.aspx?SpeciesID=507,cowa,FALSE
COTTUS CAROLINAE,BANDED SCULPIN,COTTIDAE,,COTTUS,3,III,3_MIDDLE,III,3,NATIVE,IV,B;F,COMPLEX NEST,,FALSE,,,cowa,FALSE
CYPRINELLA SPILOPTERA,SPOTFIN SHINER,CYPRINIDAE,LEUCISCIDAE,CYPRINELLA,4,IV,4_BETTER,IVa,4,NATIVE,IV,F;W,SIMPLE NEST; LITHOPHIL,,FALSE,,https://nas.er.usgs.gov/queries/FactSheet.aspx?SpeciesID=520,cowa,FALSE
ESOX LUCIUS,NORTHERN PIKE,ESOCIDAE,,ESOX,4,IV,4_WORSE,IVb,4.5,NATIVE,TC,W,BROADCASTER,,FALSE,,https://nas.er.usgs.gov/queries/FactSheet.aspx?SpeciesID=676,cowa,FALSE
ETHEOSTOMA BLENNIOIDES,GREENSIDE DARTER,PERCIDAE,,ETHEOSTOMA,3,III,3_BETTER,IIIa,3,NATIVE,IV,B;F,SIMPLE NEST,,FALSE,,https://nas.er.usgs.gov/queries/FactSheet.aspx?SpeciesID=808,cowa,FALSE
ETHEOSTOMA CAERULEUM,RAINBOW DARTER,PERCIDAE,,ETHEOSTOMA,3,III,3_WORSE,IIIb,3.5,NATIVE,IV,B;F,SIMPLE NEST; LITHOPHIL,,FALSE,,https://nas.er.usgs.gov/queries/FactSheet.aspx?SpeciesID=809,cowa,FALSE
ETHEOSTOMA CRAGINI,ARKANSAS DARTER,PERCIDAE,,ETHEOSTOMA,3,III,3_WORSE,IIIb,3.5,NATIVE,IV,B,,,TRUE,In need of conservation,https://nas.er.usgs.gov/queries/FactSheet.aspx?SpeciesID=810,cowa,FALSE
ETHEOSTOMA NIGRUM,JOHNNY DARTER,PERCIDAE,,ETHEOSTOMA,4,IV,4_BETTER,IVa,4,NATIVE,IV,B,COMPLEX NEST,,FALSE,,https://nas.er.usgs.gov/queries/FactSheet.aspx?SpeciesID=814,cowa,FALSE
FUNDULUS CATENATUS,NORTHERN STUDFISH,FUNDULIDAE,,FUNDULUS,3,III,3_BETTER,IIIa,3,NATIVE,IV,W,BROADCASTER; LITHOPHIL,,FALSE,,https://nas.er.usgs.gov/queries/FactSheet.aspx?SpeciesID=683,cowa,FALSE
FUNDULUS OLIVACEUS,BLACKSPOTTED TOPMINNOW,FUNDULIDAE,,FUNDULUS,4,IV,4_BETTER,IVa,4,NATIVE,IV,F;W,BROADCASTER,,FALSE,,,cowa,FALSE
HYBOGNATHUS HANKINSONI,BRASSY MINNOW,CYPRINIDAE,LEUCISCIDAE,HYBOGNATHUS,4,IV,4_BETTER,IVa,4,NATIVE,HB,F,BROADCASTER,,FALSE,,https://nas.er.usgs.gov/queries/FactSheet.aspx?SpeciesID=544,cowa,FALSE
LUXILUS CORNUTUS,COMMON SHINER,CYPRINIDAE,LEUCISCIDAE,LUXILUS,4,IV,4_BETTER,IVa,4,NATIVE,OM,F;W,SIMPLE NEST; LITHOPHIL,,FALSE,,https://nas.er.usgs.gov/queries/FactSheet.aspx?SpeciesID=563,cowa,FALSE
LUXILUS ZONATUS,BLEEDING SHINER,CYPRINIDAE,LEUCISCIDAE,LUXILUS,3,III,3_MIDDLE,III,3,NATIVE,IV,F;W,,,FALSE,,,cowa,FALSE
LYTHRURUS UMBRATILIS,REDFIN SHINER,CYPRINIDAE,LEUCISCIDAE,LYTHRURUS,3,III,3_BETTER,IIIa,3,NATIVE,IV,F;W,SIMPLE NEST,,FALSE,,,cowa,FALSE
MOXOSTOMA DUQUESNII,BLACK REDHORSE,CATOSTOMIDAE,,MOXOSTOMA,3,III,3_BETTER,IIIa,3,NATIVE,IV,B;F,BROADCASTER; MIGRATORY; LITHOPHIL,,TRUE,SCC_Thrtnd,,cowa,FALSE
MOXOSTOMA MACROLEPIDOTUM,SHORTHEAD REDHORSE,CATOSTOMIDAE,,MOXOSTOMA,4,IV,4_BETTER,IVa,4,NATIVE,IV,B;F,BROADCASTER; MIGRATORY; LITHOPHIL,,FALSE,,https://nas.er.usgs.gov/queries/FactSheet.aspx?SpeciesID=366,cowa,FALSE
NOCOMIS BIGUTTATUS,HORNYHEAD CHUB,CYPRINIDAE,LEUCISCIDAE,NOCOMIS,3,III,3_BETTER,IIIa,3,NATIVE,OM,F;W,LITHOPHIL,,TRUE,SCC_Thrtnd,https://nas.er.usgs.gov/queries/FactSheet.aspx?SpeciesID=574,cowa,FALSE
NOTEMIGONUS CRYSOLEUCAS,GOLDEN SHINER,CYPRINIDAE,LEUCISCIDAE,NOTEMIGONUS,4,IV,4_WORSE,IVb,4.5,NATIVE,OM,W,BROADCASTER,,FALSE,,https://nas.er.usgs.gov/queries/FactSheet.aspx?SpeciesID=579,cowa,FALSE
NOTROPIS NUBILUS,OZARK MINNOW,CYPRINIDAE,LEUCISCIDAE,NOTROPIS,3,III,3_BETTER,IIIa,3,NATIVE,HB,F,SIMPLE NEST; LITHOPHIL,,FALSE,,https://nas.er.usgs.gov/queries/FactSheet.aspx?SpeciesID=603,cowa,FALSE
NOTROPIS PERCOBROMUS,CARMINE SHINER,CYPRINIDAE,LEUCISCIDAE,NOTROPIS,3,III,3_BETTER,IIIa,3,NATIVE,OM,F;W,LITHOPHIL,,FALSE,,,cowa,FALSE
NOTURUS EXILIS,SLENDER MADTOM,ICTALURIDAE,,NOTURUS,3,III,3_WORSE,IIIb,3.5,NATIVE,IV,B;F,COMPLEX NEST,,TRUE,Endangered,https://nas.er.usgs.gov/queries/FactSheet.aspx?SpeciesID=744,cowa,FALSE
PERCA FLAVESCENS,YELLOW PERCH,PERCIDAE,,PERCA,4,IV,4_WORSE,IVb,4.5,NATIVE,TC,W,BROADCASTER,,FALSE,,https://nas.er.usgs.gov/queries/FactSheet.aspx?SpeciesID=820,cowa,FALSE
PERCINA FULVITAENIA,OZARK LOGPERCH,PERCIDAE,,PERCINA,3,III,3_WORSE,IIIb,3.5,NATIVE,IV,B,LITHOPHIL,,FALSE,,,cowa,FALSE
PERCINA MACULATA,BLACKSIDE DARTER,PERCIDAE,,PERCINA,4,IV,4_BETTER,IVa,4,NATIVE,IV,B,BROADCASTER; MIGRATORY; LITHOPHIL,,TRUE,SCC_Thrtnd,https://nas.er.usgs.gov/queries/FactSheet.aspx?SpeciesID=823,cowa,FALSE
CHROSOMUS,DACE,CYPRINIDAE,LEUCISCIDAE,CHROSOMUS,4,IV,4_BETTER,IVa,4,NATIVE,OM,,,,FALSE,,,cool,FALSE
CHROSOMUS ERYTHROGASTER,SOUTHERN REDBELLY DACE,CYPRINIDAE,LEUCISCIDAE,CHROSOMUS,3,III,3_BETTER,IIIa,3,NATIVE,HB,F,BROADCASTER; LITHOPHIL,,FALSE,,,cool,FALSE
CULAEA INCONSTANS,BROOK STICKLEBACK,GASTEROSTEIDAE,,CULAEA,4,IV,4_BETTER,IVa,4,NATIVE,IV,W,COMPLEX NEST,,FALSE,,https://nas.er.usgs.gov/queries/FactSheet.aspx?SpeciesID=701,cool,FALSE
ETHEOSTOMA FLABELLARE,FANTAIL DARTER,PERCIDAE,,ETHEOSTOMA,4,IV,4_BETTER,IVa,4,NATIVE,IV,B;F,COMPLEX NEST,,FALSE,,,cool,FALSE
HYBOPSIS DORSALIS,BIGMOUTH SHINER,CYPRINIDAE,LEUCISCIDAE,HYBOPSIS,4,IV,4_BETTER,IVa,4,NATIVE,IV,F,BROADCASTER,,FALSE,,,cool,FALSE
HYPENTELIUM NIGRICANS,NORTHERN HOG SUCKER,CATOSTOMIDAE,,HYPENTELIUM,3,III,3_BETTER,IIIa,3,NATIVE,IV,B;F,BROADCASTER; LITHOPHIL,,FALSE,,https://nas.er.usgs.gov/queries/FactSheet.aspx?SpeciesID=360,cool,FALSE
LETHENTERON APPENDIX,AMERICAN BROOK LAMPREY,PETROMYZONTIDAE,,LETHENTERON,3,III,3_BETTER,IIIa,3,NATIVE,OM,F,LITHOPHIL,NPL,TRUE,Threatened,,cool,FALSE
MICROPTERUS DOLOMIEU,SMALLMOUTH BASS,CENTRARCHIDAE,,MICROPTERUS,3,III,3_BETTER,IIIa,3,NATIVE,TC,W,COMPLEX NEST; LITHOPHIL,,FALSE,,https://nas.er.usgs.gov/queries/FactSheet.aspx?SpeciesID=396,cool,FALSE
RHINICHTHYS ATRATULUS,EASTERN BLACKNOSE DACE,CYPRINIDAE,LEUCISCIDAE,RHINICHTHYS,3,III,3_MIDDLE,III,3,NATIVE,OM,F,LITHOPHIL,,FALSE,,https://nas.er.usgs.gov/queries/FactSheet.aspx?SpeciesID=637,cool,FALSE
RHINICHTHYS CATARACTAE,LONGNOSE DACE,CYPRINIDAE,LEUCISCIDAE,RHINICHTHYS,3,III,3_BETTER,IIIa,3,NATIVE,IV,B;F,BROADCASTER; LITHOPHIL,,FALSE,,https://nas.er.usgs.gov/queries/FactSheet.aspx?SpeciesID=638,cool,FALSE
RHINICHTHYS OBTUSUS,WESTERN BLACKNOSE DACE,CYPRINIDAE,LEUCISCIDAE,RHINICHTHYS,4,IV,4_BETTER,IVa,4,NATIVE,OM,F,SIMPLE NEST; LITHOPHIL,,FALSE,,,cool,FALSE
UMBRA LIMI,CENTRAL MUDMINNOW,UMBRIDAE,,UMBRA,5,V,5_MIDDLE,V,5,NATIVE,IV,,COMPLEX NEST,,TRUE,Endangered,https://nas.er.usgs.gov/queries/FactSheet.aspx?SpeciesID=977,cool,FALSE
CATOSTOMUS CATOSTOMUS,LONGNOSE SUCKER,CATOSTOMIDAE,,CATOSTOMUS,4,IV,4_BETTER,IVa,4,NATIVE,IV,B;F,LITHOPHIL,,FALSE,,https://nas.er.usgs.gov/queries/FactSheet.aspx?SpeciesID=345,cold,FALSE
COTTUS BAIRDII,MOTTLED SCULPIN,COTTIDAE,,COTTUS,3,III,3_MIDDLE,III,3,NATIVE,IV,B;F,COMPLEX NEST; LITHOPHIL,,FALSE,,https://nas.er.usgs.gov/queries/FactSheet.aspx?SpeciesID=502,cold,FALSE
COTTUS COGNATUS,SLIMY SCULPIN,COTTIDAE,,COTTUS,2,II,2_MIDDLE,II,2,NATIVE,IV,B;F,COMPLEX NEST; LITHOPHIL,,FALSE,,,cold,FALSE
ONCHORHYNCHUS CLARKI,CUTTHROAT TROUT,SALMONIDAE,,ONCHORHYNCHUS,2,II,2_MIDDLE,II,2,NON_NATIVE,TC,,LITHOPHIL,,FALSE,,,cold,FALSE
ONCORHYNCHUS KISUTCH,COHO SALMON,SALMONIDAE,,ONCORHYNCHUS,,,,,,NON_NATIVE,IV,W,SIMPLE NEST; MIGRATORY; LITHOPHIL,,FALSE,,https://nas.er.usgs.gov/queries/FactSheet.aspx?SpeciesID=908,cold,FALSE
ONCORHYNCHUS MYKISS,RAINBOW TROUT,SALMONIDAE,,ONCORHYNCHUS,3,III,3_BETTER,IIIa,3,NON_NATIVE,TC,W,SIMPLE NEST; MIGRATORY; LITHOPHIL,,FALSE,,https://nas.er.usgs.gov/queries/FactSheet.aspx?SpeciesID=910,cold,FALSE
SALMO TRUTTA,BROWN TROUT,SALMONIDAE,,SALMO,3,III,3_BETTER,IIIa,3,NON_NATIVE,TC,W,SIMPLE NEST; MIGRATORY; LITHOPHIL,,FALSE,,https://nas.er.usgs.gov/queries/FactSheet.aspx?SpeciesID=931,cold,FALSE
SALVELINUS FONTINALIS,BROOK TROUT,SALMONIDAE,,SALVELINUS,3,III,3_BETTER,IIIa,3,NON_NATIVE,TC,W,SIMPLE NEST; MIGRATORY; LITHOPHIL,,FALSE,,https://nas.er.usgs.gov/queries/FactSheet.aspx?SpeciesID=939,cold,FALSE
ALOSA CHRYSOCHLORIS,SKIPJACK HERRING,CLUPEIDAE,ALOSIDAE (SHADS),ALOSA,4,IV,4_BETTER,IVa,4,NATIVE,TC,W,BROADCASTER; MIGRATORY,,TRUE,Endangered,https://nas.er.usgs.gov/queries/FactSheet.aspx?SpeciesID=489,,FALSE
ALOSA PSEUDOHARENGUS,ALEWIFE,CLUPEIDAE,ALOSIDAE (SHADS),ALOSA,3,III,3_MIDDLE,III,3,NATIVE,IV,F;W,BROADCASTER; MIGRATORY,,FALSE,,https://nas.er.usgs.gov/queries/FactSheet.aspx?SpeciesID=490,,FALSE
AMBLOPLITES ARIOMMUS,SHADOW BASS,CENTRARCHIDAE,,AMBLOPLITES,3,III,3_MIDDLE,III,3,NATIVE,TC,F;W,COMPLEX NEST; LITHOPHIL,,FALSE,,,,FALSE
AMBLOPLITES CONSTELLATUS,OZARK BASS,CENTRARCHIDAE,,AMBLOPLITES,3,III,3_MIDDLE,III,3,NATIVE,TC,F;W,COMPLEX NEST; LITHOPHIL,,FALSE,,https://nas.er.usgs.gov/queries/FactSheet.aspx?SpeciesID=372,,FALSE
AMEIURUS NEBULOSUS,BROWN BULLHEAD,ICTALURIDAE,,AMEIURUS,4,IV,4_WORSE,IVb,4.5,NATIVE,OM,,COMPLEX NEST,,FALSE,,,,FALSE
AMIA CALVA,BOWFIN,AMIIDAE,,AMIA,4,IV,4_BETTER,IVa,4,NATIVE,TC,W,COMPLEX NEST,,FALSE,,https://nas.er.usgs.gov/queries/FactSheet.aspx?SpeciesID=305,,FALSE
AMMOCRYPTA CLARA,WESTERN SAND DARTER,PERCIDAE,,AMMOCRYPTA,,,,,,NATIVE,IV,B;F,BROADCASTER; LITHOPHIL,,TRUE,SCC_Thrtnd,https://nas.er.usgs.gov/queries/FactSheet.aspx?SpeciesID=806,,FALSE
AMMOCRYPTA VIVAX,SCALY SAND DARTER,PERCIDAE,,AMMOCRYPTA,3,III,3_MIDDLE,III,3,NATIVE,IV,B;F,,,FALSE,,,,FALSE
APHREDODERUS SAYANUS,PIRATE PERCH,APHREDODERIDAE,,APHREDODERUS,4,IV,4_BETTER,IVa,4,NATIVE,IV,W,COMPLEX NEST; BEARER,,FALSE,,https://nas.er.usgs.gov/queries/FactSheet.aspx?SpeciesID=313,,FALSE
ATRACTOSTEUS SPATULA,ALLIGATOR GAR,LEPISOSTEIDAE,,ATRACTOSTEUS,4,IV,4_BETTER,IVa,4,NATIVE,TC,W,BROADCASTER,,FALSE,,https://nas.er.usgs.gov/queries/FactSheet.aspx?SpeciesID=755,,FALSE
CAMPOSTOMA ANOMALUM X RHINICHTHYS ATRATULUS,CENTRAL STONEROLLER X BLACKNOSE DACE,CYPRINIDAE,LEUCISCIDAE,CAMPOSTOMA,,,,,,NATIVE,OM,F,,,FALSE,,,,FALSE
CARASSIUS AURATUS,GOLDFISH,CYPRINIDAE,CYPRINIDAE,CARASSIUS,4,IV,4_WORSE,IVb,4.5,NON_NATIVE,OM,,BROADCASTER,,FALSE,,https://nas.er.usgs.gov/queries/FactSheet.aspx?SpeciesID=508,,FALSE
CARPIODES CYPRINUS,QUILLBACK,CATOSTOMIDAE,,CARPIODES,4,IV,4_BETTER,IVa,4,NATIVE,OM,,BROADCASTER; MIGRATORY; LITHOPHIL,,FALSE,,https://nas.er.usgs.gov/queries/FactSheet.aspx?SpeciesID=342,,FALSE
CARPIODES VELIFER,HIGHFIN CARPSUCKER,CATOSTOMIDAE,,CARPIODES,3,III,3_WORSE,IIIb,3.5,NATIVE,OM,F,BROADCASTER; MIGRATORY; LITHOPHIL,,FALSE,,https://nas.er.usgs.gov/queries/FactSheet.aspx?SpeciesID=343,,FALSE
CENTRARCHUS MACROPTERUS,FLIER,CENTRARCHIDAE,,CENTRARCHUS,4,IV,4_BETTER,IVa,4,NATIVE,IV,F;W,COMPLEX NEST,,FALSE,,https://nas.er.usgs.gov/queries/FactSheet.aspx?SpeciesID=375,,FALSE
CHROSOMUS EOS,NORTHERN REDBELLY DACE,CYPRINIDAE,LEUCISCIDAE,CHROSOMUS,4,IV,4_BETTER,IVa,4,NATIVE,OM,,BROADCASTER,,TRUE,Endangered,https://nas.er.usgs.gov/queries/FactSheet.aspx?SpeciesID=618,,FALSE
CHROSOMUS NEOGAEUS,FINESCALE DACE,CYPRINIDAE,LEUCISCIDAE,CHROSOMUS,2,II,2_MIDDLE,II,2,NATIVE,IV,F,BROADCASTER,,TRUE,Endangered,https://nas.er.usgs.gov/queries/FactSheet.aspx?SpeciesID=2556,,FALSE
CLINOSTOMUS ELONGATUS,REDSIDE DACE,CYPRINIDAE,LEUCISCIDAE,CLINOSTOMUS,,,,,,NATIVE,OM,W,SIMPLE NEST,,FALSE,,https://nas.er.usgs.gov/queries/FactSheet.aspx?SpeciesID=510,,FALSE
COTTUS,SCULPIN,COTTIDAE,,COTTUS,3,III,3_MIDDLE,III,3,NATIVE,IV,B;F,,,FALSE,,,,FALSE
COTTUS HYPSELURUS,OZARK SCULPIN,COTTIDAE,,COTTUS,3,III,3_MIDDLE,III,3,NATIVE,IV,B;F,LITHOPHIL,,FALSE,,,,FALSE
COTTUS IMMACULATUS,KNOBFIN SCULPIN,COTTIDAE,,COTTUS,3,III,3_MIDDLE,III,3,NATIVE,OM,F,LITHOPHIL,,FALSE,,https://nas.er.usgs.gov/queries/FactSheet.aspx?SpeciesID=3231,,FALSE
COTTUS SPECUS,GROTTO SCULPIN,COTTIDAE,,COTTUS,,,,,,NATIVE,OM,F,LITHOPHIL,,TRUE,SCC_E_Endmc,,,FALSE
CRYSTALLARIA ASPRELLA,CRYSTAL DARTER,PERCIDAE,,CRYSTALLARIA,,,,,,,,,,,,,,,FALSE
CTENOPHARYNGODON IDELLA,GRASS CARP,CYPRINIDAE,XENOCYPRIDIDAE,CTENOPHARYNGODON,4,IV,4_WORSE,IVb,4.5,NON_NATIVE,HB,W,BROADCASTER; MIGRATORY,,FALSE,,https://nas.er.usgs.gov/queries/FactSheet.aspx?SpeciesID=514,,FALSE
CYPRINELLA CAMURA,BLUNTFACE SHINER,CYPRINIDAE,LEUCISCIDAE,CYPRINELLA,4,IV,4_BETTER,IVa,4,NATIVE,IV,F;W,SIMPLE NEST,,FALSE,,,,FALSE
CYPRINELLA GALACTURA,WHITETAIL SHINER,CYPRINIDAE,LEUCISCIDAE,CYPRINELLA,3,III,3_MIDDLE,III,3,NATIVE,IV,F;W,SIMPLE NEST,,FALSE,,https://nas.er.usgs.gov/queries/FactSheet.aspx?SpeciesID=517,,FALSE
CYPRINELLA LUTRENSIS X SPILOPTERA,RED SHINER X SPOTFIN SHINER,CYPRINIDAE,,CYPRINELLA,,,,,,,,,,,,,,,FALSE
CYPRINIDAE HYBRID,CYPRINIDAE HYBRID,CYPRINIDAE,,CYPRINIDAE,,,,,,,,,,,,,,,FALSE
CYPRINODON RUBROFLUVIATILIS,RED RIVER PUPFISH,CYPRINODONTIDAE,,CYPRINODON,4,IV,4_BETTER,IVa,4,NATIVE,OM,,,SALT,FALSE,,https://nas.er.usgs.gov/queries/FactSheet.aspx?SpeciesID=660,,FALSE
DOROSOMA PETENENSE,THREADFIN SHAD,CLUPEIDAE,DOROSOMATIDAE,DOROSOMA,4,IV,4_WORSE,IVb,4.5,NON_NATIVE,OM,W,BROADCASTER,,FALSE,,https://nas.er.usgs.gov/queries/FactSheet.aspx?SpeciesID=493,,FALSE
ELASSOMA ZONATUM,BANDED PYGMY SUNFISH,ELASSOMATIDAE,,ELASSOMA,3,III,3_MIDDLE,III,3,NATIVE,IV,W,COMPLEX NEST,,FALSE,,,,FALSE
ERIMYSTAX HARRYI,OZARK CHUB,CYPRINIDAE,LEUCISCIDAE,ERIMYSTAX,3,III,3_MIDDLE,III,3,NATIVE,OM,F,LITHOPHIL,,FALSE,,,,FALSE
ERIMYSTAX X-PUNCTATUS,GRAVEL CHUB,CYPRINIDAE,LEUCISCIDAE,ERIMYSTAX,3,III,3_BETTER,IIIa,3,NATIVE,IV,B;F,BROADCASTER; LITHOPHIL,,TRUE,SCC_Thrtnd,,,FALSE
ERIMYZON CLAVIFORMIS,WESTERN CREEK CHUBSUCKER,CATOSTOMIDAE,,ERIMYZON,3,III,3_MIDDLE,III,3,NATIVE,OM,F;W,LITHOPHIL,,FALSE,,,,FALSE
ERIMYZON OBLONGUS,CREEK CHUBSUCKER,CATOSTOMIDAE,,ERIMYZON,4,IV,4_BETTER,IVa,4,NATIVE,OM,F;W,BROADCASTER; MIGRATORY; LITHOPHIL,,FALSE,,,,FALSE
ERIMYZON SUCETTA,LAKE CHUBSUCKER,CATOSTOMIDAE,,ERIMYZON,4,IV,4_BETTER,IVa,4,NATIVE,OM,W,BROADCASTER,,FALSE,,https://nas.er.usgs.gov/queries/FactSheet.aspx?SpeciesID=358,,FALSE
ESOX AMERICANUS,REDFIN OR GRASS PICKEREL,ESOCIDAE,,ESOX,3,III,3_BETTER,IIIa,3,NATIVE,TC,W,,,TRUE,Threatened,https://nas.er.usgs.gov/queries/FactSheet.aspx?SpeciesID=1421,,FALSE
ESOX MASQUINONGY,MUSKELLUNGE,ESOCIDAE,,ESOX,3,III,3_WORSE,IIIb,3.5,NATIVE,TC,W,BROADCASTER,,FALSE,,https://nas.er.usgs.gov/queries/FactSheet.aspx?SpeciesID=679,,FALSE
ESOX NIGER,CHAIN PICKEREL,ESOCIDAE,,ESOX,4,IV,4_BETTER,IVa,4,NATIVE,TC,W,BROADCASTER,,FALSE,,https://nas.er.usgs.gov/queries/FactSheet.aspx?SpeciesID=681,,FALSE
ETHEOSTOMA ARTESIAE,REDSPOT DARTER,PERCIDAE,,ETHEOSTOMA,3,III,3_MIDDLE,III,3,NATIVE,IV,B;F,LITHOPHIL,,FALSE,,,,FALSE
ETHEOSTOMA ASPRIGENE,MUD DARTER,PERCIDAE,,ETHEOSTOMA,4,IV,4_BETTER,IVa,4,NATIVE,IV,B,COMPLEX NEST,,FALSE,,,,FALSE
ETHEOSTOMA AUTUMNALE,AUTUMN DARTER,PERCIDAE,,ETHEOSTOMA,,,,,,NATIVE,OM,,,,FALSE,,,,FALSE
ETHEOSTOMA BURRI,BROOK DARTER,PERCIDAE,,ETHEOSTOMA,,,,,,NATIVE,IV,B;F,LITHOPHIL,,FALSE,,,,FALSE
ETHEOSTOMA CHLOROSOMA,BLUNTNOSE DARTER,PERCIDAE,,ETHEOSTOMA,3,III,3_BETTER,IIIa,3,NATIVE,IV,B,COMPLEX NEST,,TRUE,SCC_Endngrd,,,FALSE
ETHEOSTOMA COLLETTEI,CREOLE DARTER,PERCIDAE,,ETHEOSTOMA,,,,,,NATIVE,IV,B;F,LITHOPHIL,,FALSE,,,,FALSE
ETHEOSTOMA ERYTHROZONUM,MERAMEC SADDLED DARTER,PERCIDAE,,ETHEOSTOMA,,,,,,NATIVE,OM,F,LITHOPHIL,,FALSE,,,,FALSE
ETHEOSTOMA EUZONUM,ARKANSAS SADDLED DARTER,PERCIDAE,,ETHEOSTOMA,,,,,,NATIVE,IV,B;F,LITHOPHIL,,FALSE,,,,FALSE
ETHEOSTOMA EXILE,IOWA DARTER,PERCIDAE,,ETHEOSTOMA,4,IV,4_BETTER,IVa,4,NATIVE,IV,B,COMPLEX NEST; MIGRATORY,,FALSE,,https://nas.er.usgs.gov/queries/FactSheet.aspx?SpeciesID=812,,FALSE
ETHEOSTOMA FLABELLARE FLABELLARE,BARRED FANTAIL DARTER,PERCIDAE,,ETHEOSTOMA,4,IV,4_BETTER,IVa,4,NATIVE,IV,B;F,LITHOPHIL,,FALSE,,,,FALSE
ETHEOSTOMA FLABELLARE LINEOLATUM,STRIPED FANTAIL DARTER,PERCIDAE,,ETHEOSTOMA,3,III,3_MIDDLE,III,3,NATIVE,IV,B;F,,,FALSE,,,,FALSE
ETHEOSTOMA FUSIFORME,SWAMP DARTER,PERCIDAE,,ETHEOSTOMA,,,,,,,,,,,,,,,FALSE
ETHEOSTOMA GRACILE,SLOUGH DARTER,PERCIDAE,,ETHEOSTOMA,4,IV,4_BETTER,IVa,4,NATIVE,IV,B,COMPLEX NEST,,FALSE,,,,FALSE
ETHEOSTOMA HISTRIO,HARLEQUIN DARTER,PERCIDAE,,ETHEOSTOMA,3,III,3_MIDDLE,III,3,NATIVE,IV,B;F,COMPLEX NEST,,TRUE,Endangered,,,FALSE
ETHEOSTOMA MICROPERCA,LEAST DARTER,PERCIDAE,,ETHEOSTOMA,3,III,3_BETTER,IIIa,3,NATIVE,IV,B,COMPLEX NEST; MIGRATORY,,TRUE,SCC_Endngrd,,,FALSE
ETHEOSTOMA MIHILEZE,SUNBURST DARTER,PERCIDAE,,ETHEOSTOMA,3,III,3_WORSE,IIIb,3.5,NATIVE,IV,B,,,FALSE,,,,FALSE
ETHEOSTOMA NIANGUAE,NIANGUA DARTER,PERCIDAE,,ETHEOSTOMA,,,,,,,,,,,,,,,FALSE
ETHEOSTOMA PARVIPINNE,GOLDSTRIPE DARTER,PERCIDAE,,ETHEOSTOMA,3,III,3_MIDDLE,III,3,NATIVE,IV,B;F,,,TRUE,Endangered,,,FALSE
ETHEOSTOMA PROELIARE,CYPRESS DARTER,PERCIDAE,,ETHEOSTOMA,,,,,,NATIVE,IV,B,SIMPLE NEST,,FALSE,,,,FALSE
ETHEOSTOMA PUNCTULATUM,STIPPLED DARTER,PERCIDAE,,ETHEOSTOMA,3,III,3_MIDDLE,III,3,NATIVE,IV,B,,,FALSE,,,,FALSE
ETHEOSTOMA STIGMAEUM,SPECKLED DARTER,PERCIDAE,,ETHEOSTOMA,3,III,3_MIDDLE,III,3,NATIVE,IV,B,SIMPLE NEST; LITHOPHIL,,FALSE,,,,FALSE
ETHEOSTOMA TEDDYROOSEVELT,HIGHLAND DARTER,PERCIDAE,,ETHEOSTOMA,,,,,,NATIVE,OM,F,LITHOPHIL,,FALSE,,,,FALSE
ETHEOSTOMA TETRAZONUM,MISSOURI SADDLED DARTER,PERCIDAE,,ETHEOSTOMA,4,IV,4_BETTER,IVa,4,NATIVE,IV,B;F,LITHOPHIL,,FALSE,,,,FALSE
ETHEOSTOMA UNIPORUM,CURRENT DARTER,PERCIDAE,,ETHEOSTOMA,,,,,,NATIVE,IV,B;F,LITHOPHIL,,FALSE,,,,FALSE
ETHEOSTOMA WHIPPLEI,REDFIN DARTER,PERCIDAE,,ETHEOSTOMA,3,III,3_BETTER,IIIa,3,NATIVE,IV,B;F,LITHOPHIL,,TRUE,SCC_E_Endmc,,,FALSE
ETHEOSTOMA ZONALE,BANDED DARTER,PERCIDAE,,ETHEOSTOMA,3,III,3_BETTER,IIIa,3,NATIVE,IV,B;F,BROADCASTER,,FALSE,,https://nas.er.usgs.gov/queries/FactSheet.aspx?SpeciesID=818,,FALSE
FUNDULUS CHRYSOTUS,GOLDEN TOPMINNOW,FUNDULIDAE,,FUNDULUS,4,IV,4_BETTER,IVa,4,NATIVE,IV,W,BROADCASTER,,FALSE,,https://nas.er.usgs.gov/queries/FactSheet.aspx?SpeciesID=684,,FALSE
FUNDULUS DISPAR,STARHEAD TOPMINNOW,FUNDULIDAE,,FUNDULUS,,,,,,NATIVE,IV,W,,,FALSE,,,,FALSE
FUNDULUS SCIADICUS,PLAINS TOPMINNOW,FUNDULIDAE,,FUNDULUS,3,III,3_BETTER,IIIa,3,NATIVE,IV,W,,,TRUE,SCC_T_Endmc,https://nas.er.usgs.gov/queries/FactSheet.aspx?SpeciesID=691,,FALSE
HIODON TERGISUS,MOONEYE,HIODONTIDAE,,HIODON,4,IV,4_BETTER,IVa,4,NATIVE,TC,W,BROADCASTER,,FALSE,,https://nas.er.usgs.gov/queries/FactSheet.aspx?SpeciesID=727,,FALSE
HYBOGNATHUS HAYI,CYPRESS MINNOW,CYPRINIDAE,LEUCISCIDAE,HYBOGNATHUS,3,III,3_MIDDLE,III,3,NATIVE,HB,F,BROADCASTER,,TRUE,SCC_Endngrd,,,FALSE
HYBOGNATHUS NUCHALIS,MISSISSIPPI SILVERY MINNOW,CYPRINIDAE,LEUCISCIDAE,HYBOGNATHUS,2,II,2_MIDDLE,II,2,NATIVE,HB,F,BROADCASTER,,FALSE,,https://nas.er.usgs.gov/queries/FactSheet.aspx?SpeciesID=2560,,FALSE
HYBOPSIS AMBLOPS,BIGEYE CHUB,CYPRINIDAE,LEUCISCIDAE,HYBOPSIS,3,III,3_MIDDLE,III,3,NATIVE,IV,F;W,BROADCASTER; LITHOPHIL,,FALSE,,https://nas.er.usgs.gov/queries/FactSheet.aspx?SpeciesID=547,,FALSE
HYBOPSIS AMNIS,PALLID SHINER,CYPRINIDAE,LEUCISCIDAE,HYBOPSIS,3,III,3_MIDDLE,III,3,NATIVE,IV,F;W,BROADCASTER; LITHOPHIL,,TRUE,Endangered,https://nas.er.usgs.gov/queries/FactSheet.aspx?SpeciesID=3198,,FALSE
HYPOPHTHALMICHTHYS MOLITRIX,SILVER CARP,CYPRINIDAE,XENOCYPRIDIDAE,HYPOPHTHALMICHTHYS,4,IV,4_WORSE,IVb,4.5,NON_NATIVE,OM,W,BROADCASTER,,FALSE,,https://nas.er.usgs.gov/queries/FactSheet.aspx?SpeciesID=549,,FALSE
HYPOPHTHALMICHTHYS NOBILIS,BIGHEAD CARP,CYPRINIDAE,XENOCYPRIDIDAE,HYPOPHTHALMICHTHYS,4,IV,4_WORSE,IVb,4.5,NON_NATIVE,OM,W,BROADCASTER,,FALSE,,,,FALSE
HYPOPHTHALMICHTHYS NOBILIS X MOLITRIX,BIGHEAD CARP X SILVER CARP,CYPRINIDAE,XENOCYPRIDIDAE,HYPOPHTHALMICHTHYS,,,,,,NON_NATIVE,OM,W,,,FALSE,,,,FALSE
ICHTHYOMYZON,LAMPREY ICHTHYOMYZON,PETROMYZONTIDAE,,ICHTHYOMYZON,3,III,3_MIDDLE,III,3,NATIVE,TC,,,,FALSE,,,,FALSE
ICHTHYOMYZON FOSSOR,NORTHERN BROOK LAMPREY,PETROMYZONTIDAE,,ICHTHYOMYZON,2,II,2_MIDDLE,II,2,NATIVE,OM,F,SIMPLE NEST; LITHOPHIL,NPL,FALSE,,,,FALSE
ICHTHYOMYZON GAGEI,SOUTHERN BROOK LAMPREY,PETROMYZONTIDAE,,ICHTHYOMYZON,3,III,3_MIDDLE,III,3,NATIVE,OM,F,SIMPLE NEST; LITHOPHIL,,FALSE,,,,FALSE
ICTIOBUS BUBALUS X NIGER,SMALLMOUTH X BLACK BUFFALO,CATOSTOMIDAE,,ICTIOBUS,,,,,,,,,,,,,,,FALSE
ICTIOBUS CYPRINELLUS,BIGMOUTH BUFFALO,CATOSTOMIDAE,,ICTIOBUS,4,IV,4_BETTER,IVa,4,NATIVE,OM,,BROADCASTER,,FALSE,,https://nas.er.usgs.gov/queries/FactSheet.aspx?SpeciesID=362,,FALSE
ICTIOBUS NIGER,BLACK BUFFALO,CATOSTOMIDAE,,ICTIOBUS,4,IV,4_BETTER,IVa,4,NATIVE,OM,,BROADCASTER,,TRUE,SCC_Thrtnd,https://nas.er.usgs.gov/queries/FactSheet.aspx?SpeciesID=363,,FALSE
LAMPETRA,LAMPREY LAMPETRA,PETROMYZONTIDAE,,LAMPETRA,4,IV,4_BETTER,IVa,4,NATIVE,OM,F,,,FALSE,,,,FALSE
LAMPETRA AEPYPTERA,LEAST BROOK LAMPREY,PETROMYZONTIDAE,,LAMPETRA,3,III,3_MIDDLE,III,3,NATIVE,OM,F,SIMPLE NEST; LITHOPHIL,,FALSE,,,,FALSE
LEPISOSTEUS,SLENDER GARS,LEPISOSTEIDAE,,LEPISOSTEUS,,,,,,,,,,,,,,,FALSE
LEPOMIS,SUNFISH,CENTRARCHIDAE,,LEPOMIS,,,,,,,,,,,,,,,FALSE
LEPOMIS CYANELLUS HYBRID,GREEN SUNFISH HYBRID,CENTRARCHIDAE,,LEPOMIS,,,,,,NATIVE,TC,W,,,FALSE,,,,FALSE
LEPOMIS CYANELLUS X GULOSUS,GREEN SUNFISH X WARMOUTH,CENTRARCHIDAE,,LEPOMIS,,,,,,NATIVE,OM,,,,FALSE,,,,FALSE
LEPOMIS CYANELLUS X HUMILIS,GREEN SUNFISH X ORANGESPOTTED SUNFISH,CENTRARCHIDAE,,LEPOMIS,,,,,,NATIVE,IV,W,,,FALSE,,,,FALSE
LEPOMIS CYANELLUS X MEGALOTIS,GREEN SUNFISH X LONGEAR SUNFISH,CENTRARCHIDAE,,LEPOMIS,,,,,,NATIVE,TC,W,,,FALSE,,,,FALSE
LEPOMIS CYANELLUS X MICROLOPHUS,GREEN SUNFISH X REDEAR SUNFISH,CENTRARCHIDAE,,LEPOMIS,,,,,,NATIVE,TC,W,,,FALSE,,,,FALSE
LEPOMIS CYANELLUS X UNIDENTIFIED,GREEN SUNFISH X UNIDENTIFIED,CENTRARCHIDAE,,LEPOMIS,,,,,,,,,,,,,,,FALSE
LEPOMIS GIBBOSUS,PUMPKINSEED,CENTRARCHIDAE,,LEPOMIS,4,IV,4_BETTER,IVa,4,NATIVE,IV,W,COMPLEX NEST; LITHOPHIL,,FALSE,,https://nas.er.usgs.gov/queries/FactSheet.aspx?SpeciesID=382,,FALSE
LEPOMIS HUMILIS X MEGALOTIS,ORANGESPOTTED SUNFISH X LONGEAR SUNFISH,CENTRARCHIDAE,,LEPOMIS,,,,,,NATIVE,OM,,,,FALSE,,,,FALSE
LEPOMIS MACROCHIRUS HYBRID,BLUEGILL HYBRID,CENTRARCHIDAE,,LEPOMIS,,,,,,NATIVE,TC,W,,,FALSE,,,,FALSE
LEPOMIS MACROCHIRUS X CYANELLUS,BLUEGILL X GREEN SUNFISH,CENTRARCHIDAE,,LEPOMIS,4,IV,4_WORSE,IVb,4.5,NATIVE,TC,W,,,FALSE,,,,FALSE
LEPOMIS MACROCHIRUS X GIBBOSUS,BLUEGILL X PUMPKINSEED,CENTRARCHIDAE,,LEPOMIS,,,,,,NATIVE,OM,W,,,FALSE,,,,FALSE
LEPOMIS MACROCHIRUS X GULOSUS,BLUEGILL X WARMOUTH,CENTRARCHIDAE,,LEPOMIS,,,,,,NATIVE,OM,,,,FALSE,,,,FALSE
LEPOMIS MACROCHIRUS X HUMILIS,BLUEGILL X ORANGESPOTTED SUNFISH,CENTRARCHIDAE,,LEPOMIS,,,,,,NATIVE,OM,,,,FALSE,,,,FALSE
LEPOMIS MACROCHIRUS X MEGALOTIS,BLUEGILL X LONGEAR SUNFISH,CENTRARCHIDAE,,LEPOMIS,4,IV,4_WORSE,IVb,4.5,NATIVE,OM,W,,,FALSE,,,,FALSE
LEPOMIS MACROCHIRUS X MICROLOPHUS,BLUEGILL X REDEAR SUNFISH,CENTRARCHIDAE,,LEPOMIS,,,,,,NATIVE,OM,W,,,FALSE,,,,FALSE
LEPOMIS MACROCHIRUS X UNIDENTIFIED,BLUEGILL X UNIDENTIFIED,CENTRARCHIDAE,,LEPOMIS,,,,,,,,,,,,,,,FALSE
LEPOMIS MARGINATUS,DOLLAR SUNFISH,CENTRARCHIDAE,,LEPOMIS,4,IV,4_BETTER,IVa,4,NATIVE,IV,F;W,COMPLEX NEST,,FALSE,,,,FALSE
LEPOMIS MEGALOTIS HYBRID,LONGEAR SUNFISH HYBRID,CENTRARCHIDAE,,LEPOMIS,,,,,,NATIVE,OM,,,,FALSE,,,,FALSE
LEPOMIS MEGALOTIS X UNIDENTIFIED,LONGEAR SUNFISH X UNIDENTIFIED,CENTRARCHIDAE,,LEPOMIS,,,,,,,,,,,,,,,FALSE
LEPOMIS MINIATUS,REDSPOTTED SUNFISH,CENTRARCHIDAE,,LEPOMIS,4,IV,4_BETTER,IVa,4,NATIVE,IV,F;W,LITHOPHIL,,FALSE,,https://nas.er.usgs.gov/queries/FactSheet.aspx?SpeciesID=391,,FALSE
LEPOMIS PUNCTATUS,SPOTTED SUNFISH,CENTRARCHIDAE,,LEPOMIS,4,IV,4_BETTER,IVa,4,NATIVE,IV,W,COMPLEX NEST,,FALSE,,,,FALSE
LEPOMIS SYMMETRICUS,BANTAM SUNFISH,CENTRARCHIDAE,,LEPOMIS,3,III,3_MIDDLE,III,3,NATIVE,IV,W,,,FALSE,,,,FALSE
LOTA LOTA,BURBOT,GADIDAE,,LOTA,3,III,3_MIDDLE,III,3,NATIVE,TC,,BROADCASTER; LITHOPHIL,,TRUE,Threatened,https://nas.er.usgs.gov/queries/FactSheet.aspx?SpeciesID=698,,FALSE
LUXILUS CARDINALIS,CARDINAL SHINER,CYPRINIDAE,LEUCISCIDAE,LUXILUS,3,III,3_WORSE,IIIb,3.5,NATIVE,IV,F;W,,,FALSE,,,,FALSE
LUXILUS CHRYSOCEPHALUS,STRIPED SHINER,CYPRINIDAE,LEUCISCIDAE,LUXILUS,3,III,3_BETTER,IIIa,3,NATIVE,OM,F;W,SIMPLE NEST; LITHOPHIL,,FALSE,,https://nas.er.usgs.gov/queries/FactSheet.aspx?SpeciesID=560,,FALSE
LUXILUS CHRYSOCEPHALUS X NOTROPIS PERCOBROMUS,STRIPED SHINER X CARMINE SHINER,CYPRINIDAE,LEUCISCIDAE,LUXILUS,,,,,,NATIVE,OM,F,,,FALSE,,,,FALSE
LUXILUS CHRYSOCEPHALUS X ZONATUS,STRIPED SHINER X  BLEEDING SHINER,CYPRINIDAE,LEUCISCIDAE,LUXILUS,,,,,,NATIVE,OM,F,,,FALSE,,,,FALSE
LUXILUS CORNUTUS X CHROSOMUS ERYTHROGASTER,COMMON SHINER X SOUTHERN REDBELLY DACE,CYPRINIDAE,,LUXILUS,,,,,,,,,,,,,,,FALSE
LUXILUS CORNUTUS X NOTROPIS PERCOBROMUS,COMMON SHINER X CARMINE SHINER,CYPRINIDAE,LEUCISCIDAE,LUXILUS,,,,,,NATIVE,OM,F,,,FALSE,,,,FALSE
LUXILUS CORNUTUS X SEMOTILUS ATROMACULATUS,COMMON SHINER X CREEK CHUB,CYPRINIDAE,LEUCISCIDAE,LUXILUS,,,,,,NATIVE,OM,F,,,FALSE,,,,FALSE
LUXILUS PILSBRYI,DUSKYSTRIPE SHINER,CYPRINIDAE,LEUCISCIDAE,LUXILUS,3,III,3_MIDDLE,III,3,NATIVE,IV,F;W,,,FALSE,,,,FALSE
LUXILUS ZONATUS X NOTROPIS NUBILUS,BLEEDING SHINER X OZARK MINNOW,CYPRINIDAE,LEUCISCIDAE,LUXILUS,,,,,,NATIVE,OM,F,,,FALSE,,,,FALSE
LYTHRURUS FUMEUS,RIBBON SHINER,CYPRINIDAE,LEUCISCIDAE,LYTHRURUS,4,IV,4_BETTER,IVa,4,NATIVE,IV,W,,,FALSE,,,,FALSE
LYTHRURUS SNELSONI,OUACHITA MOUNTAIN SHINER,CYPRINIDAE,LEUCISCIDAE,LYTHRURUS,3,III,3_MIDDLE,III,3,NATIVE,OM,,,,FALSE,,,,FALSE
MARGARISCUS MARGARITA,PEARL DACE,CYPRINIDAE,LEUCISCIDAE,MARGARISCUS,4,IV,4_BETTER,IVa,4,NATIVE,OM,W,BROADCASTER; LITHOPHIL,,FALSE,,https://nas.er.usgs.gov/queries/FactSheet.aspx?SpeciesID=569,,FALSE
MARGARISCUS NACHTRIEBI,NORTHERN PEARL DACE,CYPRINIDAE,LEUCISCIDAE,MARGARISCUS,3,III,3_MIDDLE,III,3,NATIVE,OM,W,LITHOPHIL,,TRUE,SCC_Endngrd,,,FALSE
MARGARISCUS NACHTRIEBI HYBRID,NORTHERN PEARL DACE HYBRID,CYPRINIDAE,LEUCISCIDAE,MARGARISCUS,3,III,3_BETTER,IIIa,3,NATIVE,OM,W,,,FALSE,,,,FALSE
MENIDIA AUDENS,MISSISSIPPI SILVERSIDE,ATHERINIDAE,,MENIDIA,3,III,3_WORSE,IIIb,3.5,NATIVE,IV,W,,,FALSE,,https://nas.er.usgs.gov/queries/FactSheet.aspx?SpeciesID=2903,,FALSE
MICROPTERUS DOLOMIEU X PUNCTULATUS,SMALLMOUTH BASS X SPOTTED BASS,CENTRARCHIDAE,,MICROPTERUS,3,III,3_MIDDLE,III,3,NATIVE,OM,,,,FALSE,,,,FALSE
MICROPTERUS HYBRID,BASS HYBRID,CENTRARCHIDAE,,MICROPTERUS,,,,,,NATIVE,TC,,,,FALSE,,,,FALSE
MICROPTERUS PUNCTULATUS X SALMOIDES,SPOTTED BASS X LARGEMOUTH BASS,CENTRARCHIDAE,,MICROPTERUS,4,IV,4_WORSE,IVb,4.5,NATIVE,OM,,,,FALSE,,,,FALSE
MORONE AMERICANA,WHITE PERCH,MORONIDAE,,MORONE,4,IV,4_WORSE,IVb,4.5,NON_NATIVE,TC,W,BROADCASTER; MIGRATORY,,FALSE,,https://nas.er.usgs.gov/queries/FactSheet.aspx?SpeciesID=777,,FALSE
MORONE CHRYSOPS,WHITE BASS,MORONIDAE,,MORONE,4,IV,4_BETTER,IVa,4,NATIVE,TC,W,BROADCASTER; MIGRATORY,,FALSE,,https://nas.er.usgs.gov/queries/FactSheet.aspx?SpeciesID=779,,FALSE
MORONE MISSISSIPPIENSIS,YELLOW BASS,MORONIDAE,,MORONE,4,IV,4_BETTER,IVa,4,NATIVE,TC,W,BROADCASTER; MIGRATORY,,FALSE,,https://nas.er.usgs.gov/queries/FactSheet.aspx?SpeciesID=785,,FALSE
MORONE SAXATILIS,STRIPED BASS,MORONIDAE,,MORONE,3,III,3_BETTER,IIIa,3,NON_NATIVE,TC,W,BROADCASTER; MIGRATORY,,FALSE,,https://nas.er.usgs.gov/queries/FactSheet.aspx?SpeciesID=787,,FALSE
MORONE SAXATILIS X CHRYSOPS,WIPER,MORONIDAE,,MORONE,3,III,3_WORSE,IIIb,3.5,NON_NATIVE,TC,W,,,FALSE,,,,FALSE
MOXOSTOMA ANISURUM,SILVER REDHORSE,CATOSTOMIDAE,,MOXOSTOMA,4,IV,4_BETTER,IVa,4,NATIVE,IV,B;F,BROADCASTER; MIGRATORY; LITHOPHIL,,FALSE,,https://nas.er.usgs.gov/queries/FactSheet.aspx?SpeciesID=2912,,FALSE
MOXOSTOMA CARINATUM,RIVER REDHORSE,CATOSTOMIDAE,,MOXOSTOMA,3,III,3_BETTER,IIIa,3,NATIVE,IV,B;F,SIMPLE NEST; LITHOPHIL,,FALSE,,,,FALSE
MOXOSTOMA PISOLABRUM,PEALIP REDHORSE,CATOSTOMIDAE,,MOXOSTOMA,4,IV,4_BETTER,IVa,4,NATIVE,OM,F,LITHOPHIL,,FALSE,,https://nas.er.usgs.gov/queries/FactSheet.aspx?SpeciesID=2860,,FALSE
MOXOSTOMA VALENCIENNESI,GREATER REDHORSE,CATOSTOMIDAE,,MOXOSTOMA,4,IV,4_BETTER,IVa,4,NATIVE,IV,B,BROADCASTER; MIGRATORY; LITHOPHIL,,FALSE,,,,FALSE
NOCOMIS ASPER,REDSPOT CHUB,CYPRINIDAE,LEUCISCIDAE,NOCOMIS,3,III,3_MIDDLE,III,3,NATIVE,OM,F;W,LITHOPHIL,,TRUE,T_Endemic,,,FALSE
NOTHONOTUS JULIAE,YOKE DARTER,PERCIDAE,,NOTHONOTUS,,,,,,NATIVE,IV,B;F,LITHOPHIL,,FALSE,,,,FALSE
NOTROPIS ANOGENUS,PUGNOSE SHINER,CYPRINIDAE,LEUCISCIDAE,NOTROPIS,,,,,,NATIVE,OM,W,,,TRUE,SCC_ThEn,,,FALSE
NOTROPIS ATROCAUDALIS,BLACKSPOT SHINER,CYPRINIDAE,LEUCISCIDAE,NOTROPIS,3,III,3_MIDDLE,III,3,NATIVE,OM,F;W,,,FALSE,,,,FALSE
NOTROPIS BAIRDI,RED RIVER SHINER,CYPRINIDAE,LEUCISCIDAE,NOTROPIS,4,IV,4_WORSE,IVb,4.5,NATIVE,IV,F;W,,,FALSE,,https://nas.er.usgs.gov/queries/FactSheet.aspx?SpeciesID=584,,FALSE
NOTROPIS BLENNIUS,RIVER SHINER,CYPRINIDAE,LEUCISCIDAE,NOTROPIS,4,IV,4_BETTER,IVa,4,NATIVE,IV,F;W,BROADCASTER; LITHOPHIL,,FALSE,,https://nas.er.usgs.gov/queries/FactSheet.aspx?SpeciesID=586,,FALSE
NOTROPIS BUCCATUS,SILVERJAW MINNOW,CYPRINIDAE,LEUCISCIDAE,NOTROPIS,3,III,3_MIDDLE,III,3,NATIVE,OM,F,BROADCASTER; LITHOPHIL,,FALSE,,https://nas.er.usgs.gov/queries/FactSheet.aspx?SpeciesID=588,,FALSE
NOTROPIS CHALYBAEUS,IRONCOLOR SHINER,CYPRINIDAE,LEUCISCIDAE,NOTROPIS,3,III,3_MIDDLE,III,3,NATIVE,IV,F;W,BROADCASTER; LITHOPHIL,,FALSE,,,,FALSE
NOTROPIS GIRARDI,ARKANSAS RIVER SHINER,CYPRINIDAE,LEUCISCIDAE,NOTROPIS,2,II,2_MIDDLE,II,2,NATIVE,IV,F;W,,,TRUE,SCC_TE_Endmc,https://nas.er.usgs.gov/queries/FactSheet.aspx?SpeciesID=594,,FALSE
NOTROPIS GREENEI,WEDGESPOT SHINER,CYPRINIDAE,LEUCISCIDAE,NOTROPIS,3,III,3_MIDDLE,III,3,NATIVE,IV,F;W,LITHOPHIL,,FALSE,,,,FALSE
NOTROPIS HETERODON,BLACKCHIN SHINER,CYPRINIDAE,LEUCISCIDAE,NOTROPIS,,,,,,NATIVE,IV,W,BROADCASTER,,FALSE,,,,FALSE
NOTROPIS HETEROLEPIS,BLACKNOSE SHINER,CYPRINIDAE,LEUCISCIDAE,NOTROPIS,2,II,2_MIDDLE,II,2,NATIVE,IV,W,BROADCASTER; LITHOPHIL,,TRUE,SCC_ThEn,https://nas.er.usgs.gov/queries/FactSheet.aspx?SpeciesID=2562,,FALSE
NOTROPIS HUDSONIUS,SPOTTAIL SHINER,CYPRINIDAE,LEUCISCIDAE,NOTROPIS,4,IV,4_BETTER,IVa,4,NATIVE,OM,W,BROADCASTER; MIGRATORY; LITHOPHIL,,FALSE,,https://nas.er.usgs.gov/queries/FactSheet.aspx?SpeciesID=596,,FALSE
NOTROPIS MACULATUS,TAILLIGHT SHINER,CYPRINIDAE,,NOTROPIS,,,,,,,,,,,,,,,FALSE
NOTROPIS ORTENBURGERI,KIAMICHI SHINER,CYPRINIDAE,LEUCISCIDAE,NOTROPIS,3,III,3_MIDDLE,III,3,NATIVE,OM,,,,FALSE,,,,FALSE
NOTROPIS OZARCANUS,OZARK SHINER,CYPRINIDAE,LEUCISCIDAE,NOTROPIS,3,III,3_MIDDLE,III,3,NATIVE,IV,F;W,LITHOPHIL,,FALSE,,https://nas.er.usgs.gov/queries/FactSheet.aspx?SpeciesID=605,,FALSE
NOTROPIS POTTERI,CHUB SHINER,CYPRINIDAE,LEUCISCIDAE,NOTROPIS,,,,,,NATIVE,IV,F,,,FALSE,,https://nas.er.usgs.gov/queries/FactSheet.aspx?SpeciesID=606,,FALSE
NOTROPIS RUBELLUS,ROSYFACE SHINER,CYPRINIDAE,LEUCISCIDAE,NOTROPIS,3,III,3_BETTER,IIIa,3,NATIVE,OM,F;W,SIMPLE NEST; LITHOPHIL,,FALSE,,https://nas.er.usgs.gov/queries/FactSheet.aspx?SpeciesID=608,,FALSE
NOTROPIS SHUMARDI,SILVERBAND SHINER,CYPRINIDAE,LEUCISCIDAE,NOTROPIS,4,IV,4_BETTER,IVa,4,NATIVE,IV,F;W,,,FALSE,,,,FALSE
NOTROPIS SUTTKUSI,ROCKY SHINER,CYPRINIDAE,LEUCISCIDAE,NOTROPIS,3,III,3_MIDDLE,III,3,NATIVE,OM,F;W,LITHOPHIL,,FALSE,,,,FALSE
NOTROPIS TELESCOPUS,TELESCOPE SHINER,CYPRINIDAE,LEUCISCIDAE,NOTROPIS,3,III,3_MIDDLE,III,3,NATIVE,IV,F;W,LITHOPHIL,,FALSE,,https://nas.er.usgs.gov/queries/FactSheet.aspx?SpeciesID=612,,FALSE
NOTROPIS TEXANUS,WEED SHINER,CYPRINIDAE,LEUCISCIDAE,NOTROPIS,5,V,5_MIDDLE,V,5,NATIVE,OM,W,BROADCASTER,,TRUE,Endangered,https://nas.er.usgs.gov/queries/FactSheet.aspx?SpeciesID=613,,FALSE
NOTROPIS TOPEKA,TOPEKA SHINER,CYPRINIDAE,LEUCISCIDAE,NOTROPIS,2,II,2_MIDDLE,II,2,NATIVE,IV,W,LITHOPHIL,,TRUE,SCC_TE_Endmc,,,FALSE
NOTROPIS VOLUCELLUS,MIMIC SHINER,CYPRINIDAE,LEUCISCIDAE,NOTROPIS,4,IV,4_BETTER,IVa,4,NATIVE,OM,W,BROADCASTER,,FALSE,,https://nas.er.usgs.gov/queries/FactSheet.aspx?SpeciesID=614,,FALSE
NOTROPIS WICKLIFFI,CHANNEL SHINER,CYPRINIDAE,LEUCISCIDAE,NOTROPIS,4,IV,4_BETTER,IVa,4,NATIVE,IV,F;W,,,FALSE,,,,FALSE
NOTURUS ALBATER,OZARK MADTOM,ICTALURIDAE,,NOTURUS,,,,,,NATIVE,IV,B;F,LITHOPHIL,,FALSE,,,,FALSE
NOTURUS ELEUTHERUS,MOUNTAIN MADTOM,ICTALURIDAE,,NOTURUS,3,III,3_MIDDLE,III,3,NATIVE,IV,B;F,COMPLEX NEST; LITHOPHIL,,TRUE,SCC_Endngrd,,,FALSE
NOTURUS FLAVATER,CHECKERED MADTOM,ICTALURIDAE,,NOTURUS,,,,,,NATIVE,IV,B,,,FALSE,,,,FALSE
NOTURUS GYRINUS,TADPOLE MADTOM,ICTALURIDAE,,NOTURUS,4,IV,4_BETTER,IVa,4,NATIVE,IV,B,COMPLEX NEST,,FALSE,,https://nas.er.usgs.gov/queries/FactSheet.aspx?SpeciesID=747,,FALSE
NOTURUS MIURUS,BRINDLED MADTOM,ICTALURIDAE,,NOTURUS,3,III,3_BETTER,IIIa,3,NATIVE,IV,B,COMPLEX NEST,,FALSE,,https://nas.er.usgs.gov/queries/FactSheet.aspx?SpeciesID=749,,FALSE
NOTURUS PLACIDUS,NEOSHO MADTOM,ICTALURIDAE,,NOTURUS,,,,,,NATIVE,IV,B;F,,,TRUE,SCC_TE_Endmc,,,FALSE
OPSOPOEODUS EMILIAE,PUGNOSE MINNOW,CYPRINIDAE,,OPSOPOEODUS,,,,,,,,,,,,,,,FALSE
PERCINA COPELANDI,CHANNEL DARTER,PERCIDAE,,PERCINA,3,III,3_BETTER,IIIa,3,NATIVE,IV,B,SIMPLE NEST; LITHOPHIL,,FALSE,,,,FALSE
PERCINA CYMATOTAENIA,BLUESTRIPE DARTER,PERCIDAE,,PERCINA,,,,,,NATIVE,IV,B,,,FALSE,,,,FALSE
PERCINA EVIDES,GILT DARTER,PERCIDAE,,PERCINA,3,III,3_MIDDLE,III,3,NATIVE,IV,B;F,BROADCASTER; LITHOPHIL,,FALSE,,,,FALSE
PERCINA MACROLEPIDA,BIGSCALE LOGPERCH,PERCIDAE,,PERCINA,,,,,,,,,,,,,,,FALSE
PERCINA NASUTA,LONGNOSE DARTER,PERCIDAE,,PERCINA,,,,,,NATIVE,IV,B,LITHOPHIL,,TRUE,SCC_E_Endmc,,,FALSE
PERCINA PANTHERINA,LEOPARD DARTER,PERCIDAE,,PERCINA,2,II,2_MIDDLE,II,2,NATIVE,IV,B;F,LITHOPHIL,,TRUE,SCC_T_Endmc,,,FALSE
PERCINA PHOXOCEPHALA X CAPRODES,SLENDERHEAD DARTER X LOGPERCH,PERCIDAE,,PERCINA,,,,,,NATIVE,OM,,,,FALSE,,,,FALSE
PERCINA SHUMARDI,RIVER DARTER,PERCIDAE,,PERCINA,,,,,,NATIVE,IV,B;F,SIMPLE NEST; LITHOPHIL,,FALSE,,https://nas.er.usgs.gov/queries/FactSheet.aspx?SpeciesID=826,,FALSE
PERCINA URANIDEA,STARGAZING DARTER,PERCIDAE,,PERCINA,,,,,,,,,,,,,,,FALSE
PERCINA VIGIL,SADDLEBACK DARTER,PERCIDAE,,PERCINA,,,,,,NATIVE,IV,B;F,SIMPLE NEST; LITHOPHIL,,FALSE,,,,FALSE
PERCOPSIS OMISCOMAYCUS,TROUT-PERCH,PERCOPSIDAE,,PERCOPSIS,3,III,3_BETTER,IIIa,3,NATIVE,IV,B,BROADCASTER; LITHOPHIL,,FALSE,,https://nas.er.usgs.gov/queries/FactSheet.aspx?SpeciesID=833,,FALSE
PETROMYZONTIDAE,LAMPREY,PETROMYZONTIDAE,,PETROMYZONTIDAE,4,IV,4_BETTER,IVa,4,NATIVE,OM,,LITHOPHIL,,FALSE,,,,FALSE
PETROMYZONTIFORMES AMMOCOETE,LAMPREY,,,PETROMYZONTIFORMES,,,,,,,,,,,,,,,FALSE
PHOXINUS,DACE,CYPRINIDAE,,PHOXINUS,,,,,,,,,,,,,,,FALSE
PLATYGOBIO GRACILIS,FLATHEAD CHUB,CYPRINIDAE,LEUCISCIDAE,PLATYGOBIO,4,IV,4_BETTER,IVa,4,NATIVE,IV,B;F,,,TRUE,SCC_ThEn,https://nas.er.usgs.gov/queries/FactSheet.aspx?SpeciesID=625,,FALSE
POMOXIS NIGROMACULATUS,BLACK CRAPPIE,CENTRARCHIDAE,,POMOXIS,3,III,3_BETTER,IIIa,3,NATIVE,TC,W,COMPLEX NEST,,FALSE,,https://nas.er.usgs.gov/queries/FactSheet.aspx?SpeciesID=409,,FALSE
SALMO TRUTTA X SALVELINUS FONTINALIS,TIGER TROUT,SALMONIDAE,,SALMO,,,,,,NATIVE,OM,W,,,FALSE,,,,FALSE
SANDER VITREUS,WALLEYE,PERCIDAE,,SANDER,4,IV,4_WORSE,IVb,4.5,NATIVE,TC,W,BROADCASTER; MIGRATORY; LITHOPHIL,,FALSE,,https://nas.er.usgs.gov/queries/FactSheet.aspx?SpeciesID=831,,FALSE
SANDER VITREUS X CANADENSIS,SAUGEYE,PERCIDAE,,SANDER,4,IV,4_WORSE,IVb,4.5,NATIVE,TC,F;W,,,FALSE,,,,FALSE
UNIDENTIFIED,UNIDENTIFIED,,,UNIDENTIFIED,,,,,,,,,,,,,,,FALSE
